{
  "accuracy": 0.9982866043613707,
  "precision": 0.995085995085995,
  "recall": 0.9995064165844028,
  "f1": 0.9972913075597144,
  "roc_auc": 0.999991547075097
}