domain,n_samples,accuracy,precision,recall,f1,roc_auc
finance,1283,0.9937646141855028,0.9913916786226685,0.9971139971139971,0.9942446043165467,0.9999290728104288
medicine,389,1.0,1.0,1.0,1.0,1.0
open_qa,709,0.9943582510578279,0.9925233644859813,1.0,0.9962476547842402,0.9999153600372416
reddit_eli5,10207,1.0,1.0,1.0,1.0,1.0
wiki_csai,252,0.9603174603174603,0.9264705882352942,1.0,0.9618320610687023,0.9996850592088687
